INSERT INTO member (member_id, name, phone, email, job_type, introduction, social_provider, provider_id, refresh_token,
                    created_at, updated_at)
VALUES (1, '김민준', '01012345678', 'mj.kim@example.com', 'DEV', '안녕하세요, 서버 개발에 관심이 많은 개발자입니다.', 'KAKAO',
        'c057a8ff-d4d1-4b2b-b9dc-974d59e1c516', '7bc16f3234a44c2ab6eaa3e1a518a637', '2025-05-31 14:50:46',
        '2025-05-31 14:50:46'),
       (2, '이서준', '01098765432', 'sj.lee@example.com', 'DEV', '웹 프론트엔드 개발을 사랑하는 이서준입니다.', 'GOOGLE',
        '9d54467f-1c51-42fd-a686-9c9d24eb2fde', '259c4444d2f14e38b55c56f3bf7f47d6', '2025-05-31 14:50:46',
        '2025-05-31 14:50:46'),
       (3, '박지후', '01055556666', 'jh.park@example.com', 'DEV', '데이터를 통해 가치를 창출하는 데이터 엔지니어입니다.', 'GOOGLE',
        'b3a82b9e-94b9-48c7-83d5-c7fed7b703cd', '3fc3416d37f94ceaa4b61635955d9016', '2025-05-31 14:50:46',
        '2025-05-31 14:50:46'),
       (4, '최예린', '01077778888', 'yr.choi@example.com', 'DEV', 'AI 모델 연구와 최적화에 관심이 많은 연구원입니다.', 'GOOGLE',
        'ced5feda-0561-4320-b2c0-14a3fe6de0bc', 'eaa47258fa3344ee86be8a0bbc987502', '2025-05-31 14:50:46',
        '2025-05-31 14:50:46'),
       (5, '정하준', '01099990000', 'hj.jung@example.com', 'DEV', 'CI/CD 환경 자동화 경험이 풍부한 DevOps 엔지니어입니다.', 'KAKAO',
        'f350f1da-3dde-4819-b8d4-4a73264bb41c', 'ddbb50e59e9842dda06c07babb94fc77', '2025-05-31 14:50:46',
        '2025-05-31 14:50:46');

INSERT INTO interview_option (id, interview_format, interview_type, voice_type, question_number, answer_time,
                              created_at, updated_at)
VALUES (1, 'ONE_TO_MANY', 'TECHNICAL', 'WOMEN_1', 3, 3, '2025-05-31 14:50:46', '2025-05-31 14:50:46'),
       (2, 'ONE_TO_MANY', 'TECHNICAL', 'MEN_2', 4, 6, '2025-05-31 14:50:46', '2025-05-31 14:50:46'),
       (3, 'ONE_TO_MANY', 'TECHNICAL', 'WOMEN_2', 3, 4, '2025-05-31 14:50:46', '2025-05-31 14:50:46');

INSERT INTO interview (interview_id, name, description, corporate_name, job_name, host_id, max_participants,
                       is_open, interview_option_id, created_at, updated_at)
VALUES (1, '백엔드 기술 면접', '서버/DB 기술 관련 인터뷰', '카카오', '백엔드 개발자', 1, 4, False, 1,
        '2025-05-31 14:50:46', '2025-05-31 14:50:46'),
       (2, '프론트엔드 기술 면접', 'React, Vue 등 프론트엔드 기술 검증', '네이버', '프론트엔드 개발자', 2, 4,
        True, 2, '2025-05-31 14:50:46', '2025-05-31 14:50:46'),
       (3, 'AI 실무 인터뷰', 'AI 모델 설계 및 적용 능력 검증', '토스', '데이터 엔지니어', 3, 2, False, 3,
        '2025-05-31 14:50:46', '2025-05-31 14:50:46');

INSERT INTO resume (resume_id, member_id, file_name, file_url, file_size, created_at, updated_at)
VALUES (1, 1, 'resume1.pdf', '/files/resume1.pdf', 321, '2025-05-31 14:50:46', '2025-05-31 14:50:46'),
       (2, 2, 'resume2.pdf', '/files/resume2.pdf', 289, '2025-05-31 14:50:46', '2025-05-31 14:50:46'),
       (3, 3, 'resume3.pdf', '/files/resume3.pdf', 411, '2025-05-31 14:50:46', '2025-05-31 14:50:46'),
       (4, 4, 'resume4.pdf', '/files/resume4.pdf', 154, '2025-05-31 14:50:46', '2025-05-31 14:50:46'),
       (5, 5, 'resume5.pdf', '/files/resume5.pdf', 368, '2025-05-31 14:50:46', '2025-05-31 14:50:46');

INSERT INTO coverletter (coverletter_id, member_id, corporate_name, job_name, created_at, updated_at)
VALUES (1, 1, '카카오', '백엔드 개발자', '2025-05-31 14:50:46', '2025-05-31 14:50:46'),
       (2, 2, '네이버', '프론트엔드 개발자', '2025-05-31 14:50:46', '2025-05-31 14:50:46'),
       (3, 3, '토스', '데이터 엔지니어', '2025-05-31 14:50:46', '2025-05-31 14:50:46'),
       (4, 4, '배달의민족', 'AI 연구원', '2025-05-31 14:50:46', '2025-05-31 14:50:46'),
       (5, 5, '쿠팡', 'DevOps 엔지니어', '2025-05-31 14:50:46', '2025-05-31 14:50:46');

INSERT INTO qna (qna_id, coverletter_id, question, answer, created_at, updated_at)
VALUES (1, 1, '지원 동기를 말씀해주세요 (1)', '저는 카카오에서 백엔드 개발자로 성장하고 싶습니다.', '2025-05-31 14:50:46', '2025-05-31 14:50:46'),
       (2, 1, '지원 동기를 말씀해주세요 (2)', '저는 카카오에서 백엔드 개발자로 성장하고 싶습니다.', '2025-05-31 14:50:46', '2025-05-31 14:50:46'),
       (3, 2, '지원 동기를 말씀해주세요 (3)', '저는 네이버에서 프론트엔드 개발자로 성장하고 싶습니다', '2025-05-31 14:50:46', '2025-05-31 14:50:46'),
       (4, 2, '지원 동기를 말씀해주세요 (4)', '저는 네이버에서 프론트엔드 개발자로 성장하고 싶습니다', '2025-05-31 14:50:46', '2025-05-31 14:50:46'),
       (5, 3, '지원 동기를 말씀해주세요 (5)', '저는 토스에서 데이터 엔지니어로 성장하고 싶습니다.', '2025-05-31 14:50:46', '2025-05-31 14:50:46'),
       (6, 3, '지원 동기를 말씀해주세요 (6)', '저는 토스에서 데이터 엔지니어로 성장하고 싶습니다.', '2025-05-31 14:50:46', '2025-05-31 14:50:46'),
       (7, 4, '지원 동기를 말씀해주세요 (7)', '저는 배달의민족에서 AI 연구원으로 성장하고 싶습니다.', '2025-05-31 14:50:46', '2025-05-31 14:50:46'),
       (8, 4, '지원 동기를 말씀해주세요 (8)', '저는 배달의민족에서 AI 연구원으로 성장하고 싶습니다..', '2025-05-31 14:50:46', '2025-05-31 14:50:46'),
       (9, 5, '지원 동기를 말씀해주세요 (9)', '저는 쿠팡에서 DevOps 엔지니어로 성장하고 싶습니다.', '2025-05-31 14:50:46', '2025-05-31 14:50:46'),
       (10, 5, '지원 동기를 말씀해주세요 (10)', '저는 쿠팡에서 DevOps 엔지니어로 성장하고 싶습니다.', '2025-05-31 14:50:46', '2025-05-31 14:50:46');

INSERT INTO member_interview (member_interview_id, member_id, interview_id, resume_id, coverletter_id, status,
                              created_at, updated_at)
VALUES (1, 1, 2, 1, 1, 'DONE', '2025-05-31 14:50:46', '2025-05-31 14:50:46'),
       (2, 2, 3, 2, 2, 'SCHEDULED', '2025-05-31 14:50:46', '2025-05-31 14:50:46'),
       (3, 3, 1, 3, 3, 'NO_SHOW', '2025-05-31 14:50:46', '2025-05-31 14:50:46'),
       (4, 4, 2, 4, 4, 'SCHEDULED', '2025-05-31 14:50:46', '2025-05-31 14:50:46'),
       (5, 5, 3, 5, 5, 'NO_SHOW', '2025-05-31 14:50:46', '2025-05-31 14:50:46');