INSERT INTO member (member_id, name, phone, email, job_type, introduction, social_provider, provider_id, refresh_token,
                    created_at, updated_at)
VALUES (1, '정효정', '01012345678', 'mj.kim@example.com', 'DEV', '안녕하세요, 서버 개발에 관심이 많은 개발자입니다.', 'GOOGLE',
        'c057a8ff-d4d1-4b2b-b9dc-974d59e1c516', '7bc16f3234a44c2ab6eaa3e1a518a637', '2025-05-31 14:50:46',
        '2025-05-31 14:50:46'),
       (2, '박지현', '01098765432', 'sj.lee@example.com', 'DEV', '스프링 개발자, 박지현입니다.', 'GOOGLE',
        '9d54467f-1c51-42fd-a686-9c9d24eb2fde', '259c4444d2f14e38b55c56f3bf7f47d6', '2025-05-31 14:50:46',
        '2025-05-31 14:50:46'),
       (3, '조현준', '01055556666', 'jh.park@example.com', 'DEV', 'AI 모델 연구와 최적화에 관심이 많은 연구원이자 백엔드 개발자입니다.', 'GOOGLE',
        'b3a82b9e-94b9-48c7-83d5-c7fed7b703cd', '3fc3416d37f94ceaa4b61635955d9016', '2025-05-31 14:50:46',
        '2025-05-31 14:50:46'),
       (4, '박준혁', '01077778888', 'yr.choi@example.com', 'DEV', '웹 프론트엔드 & 백엔드 개발자 박준혁입니다.', 'GOOGLE',
        'ced5feda-0561-4320-b2c0-14a3fe6de0bc', 'eaa47258fa3344ee86be8a0bbc987502', '2025-05-31 14:50:46',
        '2025-05-31 14:50:46');

INSERT INTO interview_option (id, interview_format, interview_type, voice_type, question_number, answer_time,
                              created_at, updated_at)
VALUES (1, 'GROUP', 'TECHNICAL', 'FEMALE20', 3, 5, '2025-05-01 14:50:46', '2025-05-31 14:50:46'),
       (2, 'GROUP', 'TECHNICAL', 'MALE30', 4, 10, '2025-05-10 14:50:46', '2025-05-31 14:50:46'),
       (3, 'GROUP', 'TECHNICAL', 'MALE30', 3, 4, '2025-05-15 14:50:46', '2025-05-31 14:50:46'),
       (4, 'INDIVIDUAL', 'TECHNICAL', 'FEMALE20', 3, 5, '2025-05-20 14:50:46', '2025-05-31 14:50:46'),
       (5, 'GROUP', 'PERSONALITY', 'MALE40', 4, 10, '2025-05-25 14:50:46', '2025-05-31 14:50:46'),
       (6, 'GROUP', 'PERSONALITY', 'MALE30', 3, 4, '2025-05-31 14:50:46', '2025-05-31 14:50:46');

INSERT INTO interview (interview_id, name, description, corporate_name, job_name, host_id, max_participants,
                       is_open, interview_option_id, start_type, created_at, updated_at, current_participants,
                       started_at, ended_at)
VALUES (1, '카카오 백엔드 기술 면접', '2025 카카오 백엔드 기술 모의면접 진행합니다.', '카카오', '백엔드 개발자', 1, 4, True, 1,
        'SCHEDULED', '2025-05-31 14:50:46', '2025-05-31 14:50:46', 1, '2025-06-30 14:50:46', NULL),
       (2, '네이버 백엔드 기술 면접', '어서오세요', '네이버', '백엔드 개발자', 2, 4,
        True, 2, 'SCHEDULED', '2025-05-31 14:50:46', '2025-05-31 14:50:46', 1, '2025-06-17 14:50:46',
        NULL),
       (3, '토스 백엔드 기술 면접', '백엔드 모델 설계 및 적용 모의면접', '토스', '백엔드 엔지니어', 3, 2, TRUE, 3, 'SCHEDULED',
        '2025-05-31 14:50:46', '2025-05-31 14:50:46', 1, '2025-06-20 14:50:46', NULL),
       (4, '카카오 백엔드 기술 면접', '서버/DB 기술 관련 인터뷰', '카카오', '백엔드 개발자', 4, 4, True, 4,
        'SCHEDULED', '2025-05-31 14:50:46', '2025-05-31 14:50:46', 1, '2025-06-18 14:50:46', NULL),
       (5, '네이버 백엔드 기술 면접', '네이버 백엔드 개발자 모의면접 방입니다.', '네이버', '백엔드 개발자', 4, 4,
        True, 5, 'SCHEDULED', '2025-05-31 14:50:46', '2025-05-31 14:50:46', 1, '2025-06-30 14:50:46', NULL),
       (6, '백엔드 기술 면접', '백엔드 고수들만 오십쇼', '토스', '백엔드 엔지니어', 4, 3, TRUE, 6, 'SCHEDULED',
        '2025-05-31 14:50:46', '2025-05-31 14:50:46', 1, '2025-06-20 14:50:46', NULL);

INSERT INTO resume (resume_id, member_id, file_name, file_url, file_size, created_at, updated_at, file_type)
VALUES (1, 1, 'resume1.pdf', '/files/resume1.pdf', 321, '2025-05-31 14:50:46', '2025-05-31 14:50:46', 'PDF'),
       (2, 2, 'resume2.pdf', '/files/resume2.pdf', 289, '2025-05-31 14:50:46', '2025-05-31 14:50:46', 'PDF'),
       (3, 3, 'resume3.pdf', '/files/resume3.pdf', 411, '2025-05-31 14:50:46', '2025-05-31 14:50:46', 'PDF'),
       (4, 4, 'resume4.pdf', '/files/resume4.pdf', 154, '2025-05-31 14:50:46', '2025-05-31 14:50:46', 'PDF'),
       (5, 3, 'resume5.pdf', '/files/resume5.pdf', 368, '2025-05-31 14:50:46', '2025-05-31 14:50:46', 'PDF'),
       (6, 4, 'resume6.pdf', '/files/resume6.pdf', 368, '2025-05-31 14:50:46', '2025-05-31 14:50:46', 'PDF'),
       (7, 4, 'resume7.pdf', '/files/resume7.pdf', 368, '2025-05-31 14:50:46', '2025-05-31 14:50:46', 'PDF');

INSERT INTO coverletter (coverletter_id, member_id, corporate_name, job_name, created_at, updated_at)
VALUES (1, 1, '카카오', '백엔드 개발자', '2025-05-31 14:50:46', '2025-05-31 14:50:46'),
       (2, 2, '카카오', '백엔드 개발자', '2025-05-31 14:50:46', '2025-05-31 14:50:46'),
       (3, 3, '토스', '백엔드 연구원', '2025-05-31 14:50:46', '2025-05-31 14:50:46'),
       (4, 4, '배달의민족', '백엔드 개발자', '2025-05-31 14:50:46', '2025-05-31 14:50:46'),
       (5, 1, '쿠팡', '백엔드 개발자', '2025-05-31 14:50:46', '2025-05-31 14:50:46'),
       (6, 2, '쿠팡', '백엔드 개발자', '2025-05-31 14:50:46', '2025-05-31 14:50:46'),
       (7, 3, '쿠팡', '백엔드 개발자', '2025-05-31 14:50:46', '2025-05-31 14:50:46'),
       (8, 4, '쿠팡', '백엔드 개발자', '2025-05-31 14:50:46', '2025-05-31 14:50:46');

INSERT INTO qna (qna_id, coverletter_id, question, answer, created_at, updated_at)
VALUES (1, 1, '지원 동기를 말씀해주세요 (1)', '저는 카카오에서 백엔드 개발자로 성장하고 싶습니다.', '2025-05-31 14:50:46', '2025-05-31 14:50:46'),
       (2, 2, '지원 동기를 말씀해주세요 (2)', '어렸을 때부터 카카오를 써왔습니다.', '2025-05-31 14:50:46', '2025-05-31 14:50:46'),
       (3, 3, '지원 동기를 말씀해주세요 (3)', '저는 토스에서 백엔드 연구원으로 성장하고 싶습니다.', '2025-05-31 14:50:46', '2025-05-31 14:50:46'),
       (4, 4, '지원 동기를 말씀해주세요 (4)', '저는 배달의 민족에서 백엔드 개발자로 성장하고 싶습니다', '2025-05-31 14:50:46', '2025-05-31 14:50:46'),
       (5, 5, '지원 동기를 말씀해주세요 (5)', '저는 쿠팡에서 백엔드 개발자로 성장하고 싶습니다.', '2025-05-31 14:50:46', '2025-05-31 14:50:46'),
       (6, 6, '지원 동기를 말씀해주세요 (6)', '저는 쿠팡에서 백엔드 개발자로 성장하고 싶습니다.', '2025-05-31 14:50:46', '2025-05-31 14:50:46'),
       (7, 7, '지원 동기를 말씀해주세요 (7)', '저는 쿠팡에서 백엔드 개발자로 성장하고 싶습니다.', '2025-05-31 14:50:46', '2025-05-31 14:50:46'),
       (8, 8, '지원 동기를 말씀해주세요 (8)', '저는 쿠팡에서 백엔드 개발자로 성장하고 싶습니다.', '2025-05-31 14:50:46', '2025-05-31 14:50:46'),
       (9, 1, '프로젝트를 진행하며 어떤 문제를 겪었고 어떻게 해결했는지 말씀해주세요. (1)', '저는 많은 문제가 있습니다.', '2025-05-31 14:50:46',
        '2025-05-31 14:50:46'),
       (10, 5, '프로젝트를 진행하며 어떤 문제를 겪었고 어떻게 해결했는지 말씀해주세요. (2)',
        '이전에 사용자 맞춤형 면접 연습 서비스를 개발하던 중, 트래픽 증가에 따라 데이터베이스 쿼리 응답 속도가 급격히 느려지는 문제를 겪은 적이 있습니다. 특히, 사용자 대시보드에서 과거 면접 기록과 피드백을 로드하는 기능이 느려져 사용자 이탈이 발생하기 시작했습니다.',
        '2025-05-31 14:50:46',
        '2025-05-31 14:50:46');

INSERT INTO member_interview (member_interview_id, member_id, interview_id, resume_id, coverletter_id, status,
                              created_at, updated_at)
VALUES (1, 1, 1, 1, 1, 'SCHEDULED', '2025-05-31 14:50:46', '2025-05-31 14:50:46'),
       (2, 2, 2, 2, 2, 'SCHEDULED', '2025-05-31 14:50:46', '2025-05-31 14:50:46'),
       (3, 3, 3, 3, 3, 'SCHEDULED', '2025-05-31 14:50:46', '2025-05-31 14:50:46'),
       (4, 4, 4, 4, 4, 'SCHEDULED', '2025-05-31 14:50:46', '2025-05-31 14:50:46'),
       (5, 4, 5, 6, 8, 'SCHEDULED', '2025-05-31 14:50:46', '2025-05-31 14:50:46'),
       (6, 4, 6, 7, 4, 'SCHEDULED', '2025-05-31 14:50:46', '2025-05-31 14:50:46');